P,urn:nasa:pds:context_support:document:css_description::1.0
P,urn:nasa:pds:context_support:document:contour_description::1.0
P,urn:nasa:pds:context_support:document:dawn_description::1.0
P,urn:nasa:pds:context_support:document:di_description::1.0
P,urn:nasa:pds:context_support:document:ds1_description::1.0
P,urn:nasa:pds:context_support:document:loneos_description::1.0
P,urn:nasa:pds:context_support:document:neat_description::1.0
P,urn:nasa:pds:context_support:document:none_description::1.0
P,urn:nasa:pds:context_support:document:spacewatch_description::1.0

